AFG,Afghanistan
AGO,Angola
ALB,Albania
ARE,United Arab Emirates
ARG,Argentina
ARM,Armenia
ATA,Antarctica
AUS,Australia
AUT,Austria
AZE,Azerbaijan
BDI,Burundi
BEL,Belgium
BEN,Benin
BFA,Burkina Faso
BGD,Bangladesh
BGR,Bulgaria
BHR,Bahrain
BIH,Bosnia and Herzegovina
BLR,Belarus
BOL,Bolivia
BRA,Brazil
BRN,Brunei Darussalam
BTN,Bhutan
BWA,Botswana
CAF,Central African Republic
CAN,Canada
CHE,Switzerland
CHL,Chile
CHN,China
CIV,Cote DIvoire
CMR,Cameroon
COD,Democratic Republic of the Congo
COG,Congo
COL,Colombia
CPV,Cape Verde
CRI,Costa Rica
CUB,Cuba
CYP,Cyprus
CZE,Czech Republic
DEU,Germany
DJI,Djibouti
DNK,Denmark
DOM,Dominican Republic
DZA,Algeria
ECU,Ecuador
EGY,Egypt
ERI,Eritrea
ESH,Western Sahara
ESP,Spain
EST,Estonia
ETH,Ethiopia
FIN,Finland
FJI,Fiji
FRA,France
GAB,Gabon
GBR,United Kingdom
GEO,Georgia
GHA,Ghana
GIN,Guinea
GMB,Gambia
GNB,Guinea-Bissau
GNQ,Equatorial Guinea
GRC,Greece
GTM,Guatemala
GUF,French Guiana
GUY,Guyana
HND,Honduras
HRV,Croatia
HUN,Hungary
IDN,Indonesia
IND,India
IRL,Ireland
IRN,Iran
IRQ,Iraq
ISL,Iceland
ISR,Israel
ITA,Italy
JAM,Jamaica
JOR,Jordan
JPN,Japan
KAZ,Kazakhstan
KEN,Kenya
KGZ,Kyrgyzstan
KHM,Cambodia
KOR,South Korea
KOS,Kosovo
KWT,Kuwait
LAO,Laos
LBN,Lebanon
LBR,Liberia
LBY,Libya
LCA,Saint Lucia
LKA,Sri Lanka
LSO,Lesotho
LTU,Lithuania
LUX,Luxembourg
LVA,Latvia
MAR,Morocco
MDA,Moldova
MDG,Madagascar
MEX,Mexico
MKD,Macedonia
MLI,Mali
MMR,Myanmar
MNE,Montenegro
MNG,Mongolia
MOZ,Mozambique
MRT,Mauritania
MUS,Mauritius
MWI,Malawi
MYS,Malaysia
NAM,Namibia
NER,Niger
NGA,Nigeria
NIC,Nicaragua
NLD,Netherlands
NOR,Norway
NPL,Nepal
NZL,New Zealand
OMN,Oman
PAK,Pakistan
PAN,Panama
PER,Peru
PHL,Philippines
PNG,Papua New Guinea
POL,Poland
PRK,North Korea
PRT,Portugal
PRY,Paraguay
PSE,Palestine
QAT,Qatar
ROU,Romania
RUS,Russia
RWA,Rwanda
SAU,Saudi Arabia
SDN,Sudan
SEN,Senegal
SGP,Singapore
SLE,Sierra Leone
SLV,El Salvador
SRB,Serbia
SUR,Suriname
SVK,Slovakia
SVN,Slovenia
SWE,Sweden
SWZ,Swaziland
SYR,Syrian Arab Republic
TGO,Togo
THA,Thailand
TJK,Tajikistan
TKM,Turkmenistan
TTO,Trinidad and Tobago
TUN,Tunisia
TUR,Turkey
TWN,Taiwan
TZA,Tanzania
UGA,Uganda
UKR,Ukraine
URY,Uruguay
USA,United States of America
UZB,Uzbekistan
VEN,Venezuela
VNM,Vietnam
YEM,Yemen
ZAF,South Africa
ZMB,Zambia
ZWE,Zimbabwe